"Security Engineer Skill Assessment - Jul 19, 2024 - 4:34:48 PM",,,,,,,,,
,,,,,,,,,
Score Overview ,,,,,,,,,
Your overall results,Excellent,'35/45',,,,,,,
"Security, Compliance, and Identity Fundamentals",Excellent,'12/14',,,,,,,
Azure Security Engineer,Excellent,'7/8',,,,,,,
Security Operations Analyst,Excellent,'6/8',,,,,,,
Identity and Access Administrator,Excellent,'5/8',,,,,,,
Information Protection Administrator,Excellent,'5/7',,,,,,,
,,,,,,,,,
,,,,,,,,,
,,,,,,,,,
Category,Link-Text,Link,Priority,ReportingCategory,ReportingSubcategory,Weight,Context,CompleteY/N,Note
"Security, Compliance, and Identity Fundamentals","Describe the concepts of security, compliance, and identity",https://learn.microsoft.com/en-us/training/paths/describe-concepts-of-security-compliance-identity/,High,,,0,,N,
"Security, Compliance, and Identity Fundamentals",Describe the basic concepts of cybersecurity.,https://learn.microsoft.com/en-us/training/paths/describe-basic-concepts-of-cybersecurity/,High,,,0,,N,
"Security, Compliance, and Identity Fundamentals","Describe the concepts of security, compliance, and identity",https://learn.microsoft.com/en-us/training/paths/describe-concepts-of-security-compliance-identity/,High,,,0,,N,
"Security, Compliance, and Identity Fundamentals",Describe the capabilities of Microsoft Entra ID,https://learn.microsoft.com/en-us/training/paths/describe-capabilities-of-microsoft-identity-access/,High,,,0,,N,
"Security, Compliance, and Identity Fundamentals",Describe the capabilities of Microsoft security solutions,https://learn.microsoft.com/en-us/training/paths/describe-capabilities-of-microsoft-security-solutions/,High,,,0,,N,
"Security, Compliance, and Identity Fundamentals",Describe the capabilities of Microsoft compliance solutions,https://learn.microsoft.com/en-us/training/paths/describe-capabilities-of-microsoft-compliance-solutions/,High,,,0,,N,
Azure Security Engineer,Manage Identity and Access,https://learn.microsoft.com/en-us/training/paths/manage-identity-access/,High,,,0,,N,
Azure Security Engineer,Implement platform protection,https://learn.microsoft.com/en-us/training/paths/implement-platform-protection/,High,,,0,,N,
Azure Security Engineer,Secure your data and applications,https://learn.microsoft.com/en-us/training/paths/secure-your-data-applications/,High,,,0,,N,
Azure Security Engineer,Manage security operation,https://learn.microsoft.com/en-us/training/paths/manage-security-operation/,High,,,0,,N,
Security Operations Analyst,Mitigate threats using Microsoft 365 Defender,https://learn.microsoft.com/en-us/training/paths/sc-200-mitigate-threats-using-microsoft-365-defender/,High,,,0,,N,
Security Operations Analyst,Mitigate threats using Microsoft Defender for Endpoint,https://learn.microsoft.com/en-us/training/paths/sc-200-mitigate-threats-using-microsoft-defender-for-endpoint/,High,,,0,,N,
Security Operations Analyst,Mitigate threats using Microsoft Defender for Cloud,https://learn.microsoft.com/en-us/training/paths/sc-200-mitigate-threats-using-azure-defender/,High,,,0,,N,
Security Operations Analyst,Create queries for Microsoft Sentinel using Kusto Query Language (KQL),https://learn.microsoft.com/en-us/training/paths/sc-200-utilize-kql-for-azure-sentinel/,High,,,0,,N,
Security Operations Analyst,Configure your Microsoft Sentinel environment,https://learn.microsoft.com/en-us/training/paths/sc-200-configure-azure-sentinel-environment/,High,,,0,,N,
Security Operations Analyst,Configure your Microsoft Sentinel environment,https://learn.microsoft.com/en-us/training/paths/sc-200-configure-azure-sentinel-environment/,High,,,0,,N,
Security Operations Analyst,Connect logs to Microsoft Sentinel,https://learn.microsoft.com/en-us/training/paths/sc-200-connect-logs-to-azure-sentinel/,High,,,0,,N,
Security Operations Analyst,Create detections and perform investigations using Microsoft Sentinel,https://learn.microsoft.com/en-us/training/paths/sc-200-create-detections-perform-investigations-azure-sentinel/,High,,,0,,N,
Security Operations Analyst,Perform threat hunting in Microsoft Sentinel,https://learn.microsoft.com/en-us/training/paths/sc-200-perform-threat-hunting-azure-sentinel/,High,,,0,,N,
Identity and Access Administrator,Implement an identity management solution,https://learn.microsoft.com/en-us/training/paths/implement-identity-management-solution/,High,,,0,,N,
Identity and Access Administrator,Implement an Authentication and Access Management solution,https://learn.microsoft.com/en-us/training/paths/implement-authentication-access-management-solution/,High,,,0,,N,
Identity and Access Administrator,Implement Access Management for Apps,https://learn.microsoft.com/en-us/training/paths/implement-access-management-for-apps/,High,,,0,,N,
Identity and Access Administrator,Plan and implement an identity governance strategy,https://learn.microsoft.com/en-us/training/paths/plan-implement-identity-governance-strategy/,High,,,0,,N,
Information Protection Administrator,Implement Information Protection in Microsoft 365,https://learn.microsoft.com/en-us/training/paths/implement-information-protection/,High,,,0,,N,
Information Protection Administrator,Implement Data Loss Prevention,https://learn.microsoft.com/en-us/training/paths/implement-data-loss-prevention/,High,,,0,,N,
Information Protection Administrator,Implement Data Lifecycle and Records Management,https://learn.microsoft.com/en-us/training/paths/implement-information-governance/,High,,,0,,N,
-----------,,,,,,,,,
,,,,,,,,,
Category,Question,Answers,Selected Answer,Note,,,,,
"Security, Compliance, and Identity Fundamentals",Describe security and compliance concepts,The organization,The organization,,,,,,
"Security, Compliance, and Identity Fundamentals",Describe security and compliance concepts,"Microsoft, the SaaS provider",,,,,,,
"Security, Compliance, and Identity Fundamentals",Describe security and compliance concepts,There's shared responsibility between an organization and Microsoft,,,,,,,
"Security, Compliance, and Identity Fundamentals",Describe identity concepts,A central identity provider can be used.,,,,,,,
"Security, Compliance, and Identity Fundamentals",Describe identity concepts,The user signs in once and can then access many applications or resources.,The user signs in once and can then access many applications or resources.,,,,,,
"Security, Compliance, and Identity Fundamentals",Describe identity concepts,Passwords always expire after 72 days.,,,,,,,
"Security, Compliance, and Identity Fundamentals",Describe the services and identity types of Microsoft Entra ID,These devices are set up as Microsoft Entra registered.,,,,,,,
"Security, Compliance, and Identity Fundamentals",Describe the services and identity types of Microsoft Entra ID,These devices are set up as Microsoft Entra joined.,These devices are set up as Microsoft Entra joined.,,,,,,
"Security, Compliance, and Identity Fundamentals",Describe the services and identity types of Microsoft Entra ID,These devices are set up as Microsoft Entra hybrid joined.,,,,,,,
"Security, Compliance, and Identity Fundamentals",Describe the authentication capabilities of Microsoft Entra ID,Multi-factor authentication.,Multi-factor authentication.,,,,,,
"Security, Compliance, and Identity Fundamentals",Describe the authentication capabilities of Microsoft Entra ID,Require security questions for all sign-ins.,,,,,,,
"Security, Compliance, and Identity Fundamentals",Describe the authentication capabilities of Microsoft Entra ID,Require strong passwords for all identities.,,,,,,,
"Security, Compliance, and Identity Fundamentals",Describe the access management capabilities of Microsoft Entra ID,Create policies that enforce organizational rules.,Create policies that enforce organizational rules.,,,,,,
"Security, Compliance, and Identity Fundamentals",Describe the access management capabilities of Microsoft Entra ID,Check that all users have multi-factor authentication enabled.,,,,,,,
"Security, Compliance, and Identity Fundamentals",Describe the access management capabilities of Microsoft Entra ID,Amend your apps to allow Conditional Access.,,,,,,,
"Security, Compliance, and Identity Fundamentals",Describe the identity protection and governance capabilities of Microsoft Entra ID,Entitlement management.,,,,,,,
"Security, Compliance, and Identity Fundamentals",Describe the identity protection and governance capabilities of Microsoft Entra ID,Microsoft Entra ID Terms of Use.,Microsoft Entra ID Terms of Use.,,,,,,
"Security, Compliance, and Identity Fundamentals",Describe the identity protection and governance capabilities of Microsoft Entra ID,Identity Protection.,,,,,,,
"Security, Compliance, and Identity Fundamentals",Describe basic security capabilities in Azure,Transparent data encryption,,,,,,,
"Security, Compliance, and Identity Fundamentals",Describe basic security capabilities in Azure,Secrets management,,,,,,,
"Security, Compliance, and Identity Fundamentals",Describe basic security capabilities in Azure,Azure Key Vault,,,,,,,
"Security, Compliance, and Identity Fundamentals",Describe security management capabilities of Azure,Cloud security posture management (CSPM),,,,,,,
"Security, Compliance, and Identity Fundamentals",Describe security management capabilities of Azure,Cloud workload protection (CWP),,,,,,,
"Security, Compliance, and Identity Fundamentals",Describe security management capabilities of Azure,Microsoft Cloud security benchmark,,,,,,,
"Security, Compliance, and Identity Fundamentals",Describe security capabilities of Microsoft Sentinel,"Collect, Detect, Investigate, and Redirect.",,,,,,,
"Security, Compliance, and Identity Fundamentals",Describe security capabilities of Microsoft Sentinel,"Collect, Detect, Investigate, and Respond.","Collect, Detect, Investigate, and Respond.",,,,,,
"Security, Compliance, and Identity Fundamentals",Describe security capabilities of Microsoft Sentinel,"Collect, Detect, Investigate, and Repair.",,,,,,,
"Security, Compliance, and Identity Fundamentals",Describe threat protection with Microsoft 365 Defender,Microsoft Defender for Office 365.,Microsoft Defender for Office 365.,,,,,,
"Security, Compliance, and Identity Fundamentals",Describe threat protection with Microsoft 365 Defender,Microsoft Defender for Endpoint.,,,,,,,
"Security, Compliance, and Identity Fundamentals",Describe threat protection with Microsoft 365 Defender,Microsoft Defender for Identity.,,,,,,,
"Security, Compliance, and Identity Fundamentals",Describe the Service Trust Portal and privacy at Microsoft,"Customer control, transparency, and security",,,,,,,
"Security, Compliance, and Identity Fundamentals",Describe the Service Trust Portal and privacy at Microsoft,"Shared responsibility, transparency, and security",,,,,,,
"Security, Compliance, and Identity Fundamentals",Describe the Service Trust Portal and privacy at Microsoft,"Customer control, transparency, and zero trust","Customer control, transparency, and zero trust",,,,,,
"Security, Compliance, and Identity Fundamentals",Describe the compliance management capabilities in Microsoft Purview,Controls that both external regulators and Microsoft share responsibility for implementing.,,,,,,,
"Security, Compliance, and Identity Fundamentals",Describe the compliance management capabilities in Microsoft Purview,Controls that both your organization and external regulators share responsibility for implementing.,,,,,,,
"Security, Compliance, and Identity Fundamentals",Describe the compliance management capabilities in Microsoft Purview,Controls that both your organization and Microsoft share responsibility for implementing.,,,,,,,
"Security, Compliance, and Identity Fundamentals",Describe information protection and data lifecycle management in Microsoft Purview,Know your data,,,,,,,
"Security, Compliance, and Identity Fundamentals",Describe information protection and data lifecycle management in Microsoft Purview,Prevent data loss,Prevent data loss,,,,,,
"Security, Compliance, and Identity Fundamentals",Describe information protection and data lifecycle management in Microsoft Purview,Govern your data,,,,,,,
"Security, Compliance, and Identity Fundamentals",Describe insider risk capabilities in Microsoft Purview,To identify and protect against risks like an employee sharing confidential information.,,,,,,,
"Security, Compliance, and Identity Fundamentals",Describe insider risk capabilities in Microsoft Purview,"To identify and protect against malicious software across your network, such as ransomware.",,,,,,,
"Security, Compliance, and Identity Fundamentals",Describe insider risk capabilities in Microsoft Purview,To identify and protect against devices shutting down at critical moments.,,,,,,,
"Security, Compliance, and Identity Fundamentals",Describe the eDiscovery and audit capabilities of Microsoft Purview,Audit (Premium),,,,,,,
"Security, Compliance, and Identity Fundamentals",Describe the eDiscovery and audit capabilities of Microsoft Purview,Search,,,,,,,
"Security, Compliance, and Identity Fundamentals",Describe the eDiscovery and audit capabilities of Microsoft Purview,eDiscovery (Standard),,,,,,,
"Security, Compliance, and Identity Fundamentals",Describe resource governance capabilities in Azure,Azure Policy,,,,,,,
"Security, Compliance, and Identity Fundamentals",Describe resource governance capabilities in Azure,Azure Rapid Build,,,,,,,
"Security, Compliance, and Identity Fundamentals",Describe resource governance capabilities in Azure,Azure Blueprints,,,,,,,
"Security, Compliance, and Identity Fundamentals","Describe basic cybersecurity threats, attacks, and mitigations","Conformity, identity, and authorization.",,,,,,,
"Security, Compliance, and Identity Fundamentals","Describe basic cybersecurity threats, attacks, and mitigations","Confidentiality, integrity, and availability.",,,,,,,
"Security, Compliance, and Identity Fundamentals","Describe basic cybersecurity threats, attacks, and mitigations","Confidentiality, identity, authorization.",,,,,,,
"Security, Compliance, and Identity Fundamentals",Describe concepts of cryptography,Three,,,,,,,
"Security, Compliance, and Identity Fundamentals",Describe concepts of cryptography,One,One,,,,,,
"Security, Compliance, and Identity Fundamentals",Describe concepts of cryptography,Two,,,,,,,
"Security, Compliance, and Identity Fundamentals",Describe authentication and authorization in cybersecurity,"Something you know, something you have, and something you are.","Something you know, something you have, and something you are.",,,,,,
"Security, Compliance, and Identity Fundamentals",Describe authentication and authorization in cybersecurity,"Something you own, something you know, something you learn.",,,,,,,
"Security, Compliance, and Identity Fundamentals",Describe authentication and authorization in cybersecurity,"Something you find, something you are, something you know.",,,,,,,
"Security, Compliance, and Identity Fundamentals",Describe network-based threats and mitigations,The switch,The switch,,,,,,
"Security, Compliance, and Identity Fundamentals",Describe network-based threats and mitigations,The router,,,,,,,
"Security, Compliance, and Identity Fundamentals",Describe network-based threats and mitigations,The access point,,,,,,,
"Security, Compliance, and Identity Fundamentals",Describe device-based threats and security controls,"Only devices you use personally like phones, and computers.",,,,,,,
"Security, Compliance, and Identity Fundamentals",Describe device-based threats and security controls,"Anything you can touch, as long as it doesn't connect to something else.",,,,,,,
"Security, Compliance, and Identity Fundamentals",Describe device-based threats and security controls,Anything you can touch but also connect to something else.,,,,,,,
"Security, Compliance, and Identity Fundamentals",Describe application-based threats and how to protect against them,Any flaw that is known and for which the application owner has already created a patch.,,,,,,,
"Security, Compliance, and Identity Fundamentals",Describe application-based threats and how to protect against them,Any flaw that is previously unknown to the application owner and unpatched.,Any flaw that is previously unknown to the application owner and unpatched.,,,,,,
"Security, Compliance, and Identity Fundamentals",Describe application-based threats and how to protect against them,Any flaw that is known to the application developer but for which the developer hasn't yet developed a patch.,,,,,,,
Azure Security Engineer,Secure Azure solutions with Microsoft Entra ID,Azure Security Center,,,,,,,
Azure Security Engineer,Secure Azure solutions with Microsoft Entra ID,Azure Sentinel,,,,,,,
Azure Security Engineer,Secure Azure solutions with Microsoft Entra ID,Azure Storage,,,,,,,
Azure Security Engineer,Implement Hybrid identity,Federation,,,,,,,
Azure Security Engineer,Implement Hybrid identity,Pass-through authentication,Pass-through authentication,,,,,,
Azure Security Engineer,Implement Hybrid identity,Password hash synchronization,,,,,,,
Azure Security Engineer,Deploy Microsoft Entra ID Protection,Access reviews,Access reviews,,,,,,
Azure Security Engineer,Deploy Microsoft Entra ID Protection,Azure time-based policies,,,,,,,
Azure Security Engineer,Deploy Microsoft Entra ID Protection,JIT virtual machine access,,,,,,,
Azure Security Engineer,Configure Microsoft Entra ID Privileged Identity Management,Office 365 Admin,,,,,,,
Azure Security Engineer,Configure Microsoft Entra ID Privileged Identity Management,Co-Administrator,,,,,,,
Azure Security Engineer,Configure Microsoft Entra ID Privileged Identity Management,Global Admin,,,,,,,
Azure Security Engineer,Design an enterprise governance strategy,An ExpressRoute circuit with connectivity back to your on-premises network.,An ExpressRoute circuit with connectivity back to your on-premises network.,,,,,,
Azure Security Engineer,Design an enterprise governance strategy,A virtual machine used to test occasional application builds.,,,,,,,
Azure Security Engineer,Design an enterprise governance strategy,A storage account used to store images processed in a development environment.,,,,,,,
Azure Security Engineer,Implement perimeter security,Destination inbound rules,,,,,,,
Azure Security Engineer,Implement perimeter security,NAT rules,,,,,,,
Azure Security Engineer,Implement perimeter security,Application rules,Application rules,,,,,,
Azure Security Engineer,Configure network security,Install a load balancer,,,,,,,
Azure Security Engineer,Configure network security,Install Azure Firewall,,,,,,,
Azure Security Engineer,Configure network security,Install the Web Application Firewall,Install the Web Application Firewall,,,,,,
Azure Security Engineer,Configure and manage host security,Configure the Bastion service,,,,,,,
Azure Security Engineer,Configure and manage host security,Configure a Guest configuration on the virtual machine,,,,,,,
Azure Security Engineer,Configure and manage host security,Create a custom script extension,,,,,,,
Azure Security Engineer,Enable Containers security,Create an AKS network policy,,,,,,,
Azure Security Engineer,Enable Containers security,Create an application gateway,,,,,,,
Azure Security Engineer,Enable Containers security,Create an Azure firewall,,,,,,,
Azure Security Engineer,Deploy and secure Azure Key Vault,Key vault access policies,,,,,,,
Azure Security Engineer,Deploy and secure Azure Key Vault,Role-based Access Control,,,,,,,
Azure Security Engineer,Deploy and secure Azure Key Vault,Microsoft Entra authentication,,,,,,,
Azure Security Engineer,Configure application security features,Application-assigned and VM-assigned,,,,,,,
Azure Security Engineer,Configure application security features,Database-assigned and unsigned,,,,,,,
Azure Security Engineer,Configure application security features,System-assigned and User-assigned,System-assigned and User-assigned,,,,,,
Azure Security Engineer,Implement storage security,Set the public access level to container.,,,,,,,
Azure Security Engineer,Implement storage security,Generate a shared access signature (SAS) token for the container.,Generate a shared access signature (SAS) token for the container.,,,,,,
Azure Security Engineer,Implement storage security,Share the container entity tag (Etag) with the contingent staff member.,,,,,,,
Azure Security Engineer,Configure and manage SQL database security,Advanced Threat Protection,,,,,,,
Azure Security Engineer,Configure and manage SQL database security,Data Discovery and Classification,,,,,,,
Azure Security Engineer,Configure and manage SQL database security,Dynamic Data Masking,,,,,,,
Azure Security Engineer,Configure and manage Azure Monitor,Contextual Query Language,,,,,,,
Azure Security Engineer,Configure and manage Azure Monitor,Embedded SQL,,,,,,,
Azure Security Engineer,Configure and manage Azure Monitor,Kusto Query Language,,,,,,,
Azure Security Engineer,Enable and manage Microsoft Defender for Cloud,Configure management groups,,,,,,,
Azure Security Engineer,Enable and manage Microsoft Defender for Cloud,Implement Microsoft Defender for Cloud policies,Implement Microsoft Defender for Cloud policies,,,,,,
Azure Security Engineer,Enable and manage Microsoft Defender for Cloud,Create Desired Configuration State scripts,,,,,,,
Azure Security Engineer,Configure and monitor Microsoft Sentinel,A Sentinel playbook can help automate and orchestrate an incident response.,,,,,,,
Azure Security Engineer,Configure and monitor Microsoft Sentinel,A Sentinel playbook be run manually or set to run automatically when specific alerts are triggered.,,,,,,,
Azure Security Engineer,Configure and monitor Microsoft Sentinel,A Sentinel playbook be created to handle several subscriptions at once.,,,,,,,
Security Operations Analyst,Introduction to Microsoft 365 threat protection,Microsoft Defender for Identity,,,,,,,
Security Operations Analyst,Introduction to Microsoft 365 threat protection,Microsoft Defender for Endpoin,,,,,,,
Security Operations Analyst,Introduction to Microsoft 365 threat protection,Microsoft Defender for Office 365,,,,,,,
Security Operations Analyst,Mitigate incidents using Microsoft 365 Defender,True alert,,,,,,,
Security Operations Analyst,Mitigate incidents using Microsoft 365 Defender,High alert,,,,,,,
Security Operations Analyst,Mitigate incidents using Microsoft 365 Defender,Test alert,,,,,,,
Security Operations Analyst,Remediate risks with Microsoft Defender for Office 365,TRUE,,,,,,,
Security Operations Analyst,Remediate risks with Microsoft Defender for Office 365,FALSE,,,,,,,
Security Operations Analyst,Safeguard your environment with Microsoft Defender for Identity,TRUE,,,,,,,
Security Operations Analyst,Safeguard your environment with Microsoft Defender for Identity,FALSE,,,,,,,
Security Operations Analyst,Secure your cloud apps and services with Microsoft Defender for Cloud Apps,Use Azure Information Protection,,,,,,,
Security Operations Analyst,Secure your cloud apps and services with Microsoft Defender for Cloud Apps,Use Conditional Access,,,,,,,
Security Operations Analyst,Secure your cloud apps and services with Microsoft Defender for Cloud Apps,Use the Cloud Discovery Dashboard,,,,,,,
Security Operations Analyst,Respond to data loss prevention alerts using Microsoft 365,Sensitive info types,,,,,,,
Security Operations Analyst,Respond to data loss prevention alerts using Microsoft 365,Retention Policy,,,,,,,
Security Operations Analyst,Respond to data loss prevention alerts using Microsoft 365,Sensitivity label,,,,,,,
Security Operations Analyst,Manage insider risk in Microsoft Purview,From the Alerts dashboard search for “last 30 days.,,,,,,,
Security Operations Analyst,Manage insider risk in Microsoft Purview,Click “Export” to download a CSV file with all alerts.  Import this into Excel and use the filter function.,,,,,,,
Security Operations Analyst,Manage insider risk in Microsoft Purview,"From the Alerts dashboard, select the Filter control.","From the Alerts dashboard, select the Filter control.",,,,,,
Security Operations Analyst,Protect against threats with Microsoft Defender for Endpoint,Subscription to the Microsoft Defender for Endpoint online service.,,,,,,,
Security Operations Analyst,Protect against threats with Microsoft Defender for Endpoint,No action is required. Microsoft Defender for Endpoint is included in the Windows 10 operating system.,,,,,,,
Security Operations Analyst,Protect against threats with Microsoft Defender for Endpoint,License for Microsoft Intune.,,,,,,,
Security Operations Analyst,Deploy the Microsoft Defender for Endpoint environment,One month,,,,,,,
Security Operations Analyst,Deploy the Microsoft Defender for Endpoint environment,Six months,,,,,,,
Security Operations Analyst,Deploy the Microsoft Defender for Endpoint environment,Three months,,,,,,,
Security Operations Analyst,Implement Windows security enhancements with Microsoft Defender for Endpoint,PowerShell,,,,,,,
Security Operations Analyst,Implement Windows security enhancements with Microsoft Defender for Endpoint,ASRConfig.exe,,,,,,,
Security Operations Analyst,Implement Windows security enhancements with Microsoft Defender for Endpoint,Microsoft Deployment System,,,,,,,
Security Operations Analyst,Perform device investigations in Microsoft Defender for Endpoint,Tag,,,,,,,
Security Operations Analyst,Perform device investigations in Microsoft Defender for Endpoint,Highlight,,,,,,,
Security Operations Analyst,Perform device investigations in Microsoft Defender for Endpoint,Flag,,,,,,,
Security Operations Analyst,Perform actions on a device using Microsoft Defender for Endpoint,Command History,,,,,,,
Security Operations Analyst,Perform actions on a device using Microsoft Defender for Endpoint,Prefetch Files,,,,,,,
Security Operations Analyst,Perform actions on a device using Microsoft Defender for Endpoint,Network transactions,,,,,,,
Security Operations Analyst,Perform evidence and entities investigations using Microsoft Defender for Endpoint,Domain,,,,,,,
Security Operations Analyst,Perform evidence and entities investigations using Microsoft Defender for Endpoint,Hunter,,,,,,,
Security Operations Analyst,Perform evidence and entities investigations using Microsoft Defender for Endpoint,Threat Actor,,,,,,,
Security Operations Analyst,Configure and manage automation using Microsoft Defender for Endpoint,Semi - require approval for any remediation,Semi - require approval for any remediation,,,,,,
Security Operations Analyst,Configure and manage automation using Microsoft Defender for Endpoint,Semi - user accounts only,,,,,,,
Security Operations Analyst,Configure and manage automation using Microsoft Defender for Endpoint,Semi - files only,,,,,,,
Security Operations Analyst,Configure for alerts and detections in Microsoft Defender for Endpoint,JSON,,,,,,,
Security Operations Analyst,Configure for alerts and detections in Microsoft Defender for Endpoint,XML,,,,,,,
Security Operations Analyst,Configure for alerts and detections in Microsoft Defender for Endpoint,CSV,,,,,,,
Security Operations Analyst,Utilize Vulnerability Management in Microsoft Defender for Endpoint,Vulnerable devices report,,,,,,,
Security Operations Analyst,Utilize Vulnerability Management in Microsoft Defender for Endpoint,Threat protection,,,,,,,
Security Operations Analyst,Utilize Vulnerability Management in Microsoft Defender for Endpoint,Threat Analytics,,,,,,,
Security Operations Analyst,Plan for cloud workload protections using Microsoft Defender for Cloud,Cloud security facilitation,,,,,,,
Security Operations Analyst,Plan for cloud workload protections using Microsoft Defender for Cloud,Cloud workload protection,Cloud workload protection,,,,,,
Security Operations Analyst,Plan for cloud workload protections using Microsoft Defender for Cloud,Cloud configuration management,,,,,,,
Security Operations Analyst,Connect Azure assets to Microsoft Defender for Cloud,Reasonable,,,,,,,
Security Operations Analyst,Connect Azure assets to Microsoft Defender for Cloud,Maximum,,,,,,,
Security Operations Analyst,Connect Azure assets to Microsoft Defender for Cloud,Minimal,,,,,,,
Security Operations Analyst,Connect non-Azure resources to Microsoft Defender for Cloud,Windows Store,,,,,,,
Security Operations Analyst,Connect non-Azure resources to Microsoft Defender for Cloud,Using Azure Arc enabled servers,,,,,,,
Security Operations Analyst,Connect non-Azure resources to Microsoft Defender for Cloud,From an Excel spreadsheet,,,,,,,
Security Operations Analyst,Manage your cloud security posture management,Respond,,,,,,,
Security Operations Analyst,Manage your cloud security posture management,Remediate,Remediate,,,,,,
Security Operations Analyst,Manage your cloud security posture management,Fix,,,,,,,
Security Operations Analyst,Explain cloud workload protections in Microsoft Defender for Cloud,Malware communicating with C&C server,,,,,,,
Security Operations Analyst,Explain cloud workload protections in Microsoft Defender for Cloud,Malware encrypting data on a Device,,,,,,,
Security Operations Analyst,Explain cloud workload protections in Microsoft Defender for Cloud,Malware enumerating user on a Device,,,,,,,
Security Operations Analyst,Remediate security alerts using Microsoft Defender for Cloud,Biometric analytics,,,,,,,
Security Operations Analyst,Remediate security alerts using Microsoft Defender for Cloud,Power BI,,,,,,,
Security Operations Analyst,Remediate security alerts using Microsoft Defender for Cloud,Behavioral analytics,,,,,,,
Security Operations Analyst,Construct KQL statements for Microsoft Sentinel,Searches across tables and isn't column-specific.,,,,,,,
Security Operations Analyst,Construct KQL statements for Microsoft Sentinel,Searches only data in the last hour.,,,,,,,
Security Operations Analyst,Construct KQL statements for Microsoft Sentinel,Searches in columns specified.,,,,,,,
Security Operations Analyst,Build multi-table statements using KQL,kind=leftouter,,,,,,,
Security Operations Analyst,Build multi-table statements using KQL,kind=inner,,,,,,,
Security Operations Analyst,Build multi-table statements using KQL,kind=fullouter,,,,,,,
Security Operations Analyst,Work with data in Microsoft Sentinel using Kusto Query Language,parse_json,,,,,,,
Security Operations Analyst,Work with data in Microsoft Sentinel using Kusto Query Language,extract,,,,,,,
Security Operations Analyst,Work with data in Microsoft Sentinel using Kusto Query Language,externaldata,externaldata,,,,,,
Security Operations Analyst,Introduction to Microsoft Sentinel,A solution for checking your security posture in the cloud,,,,,,,
Security Operations Analyst,Introduction to Microsoft Sentinel,An end-to-end solution for security operations,,,,,,,
Security Operations Analyst,Introduction to Microsoft Sentinel,A solution for securely storing keys and secrets in the cloud,,,,,,,
Security Operations Analyst,Create and manage Microsoft Sentinel workspaces,Microsoft Sentinel Workspace,,,,,,,
Security Operations Analyst,Create and manage Microsoft Sentinel workspaces,Azure Lighthouse,,,,,,,
Security Operations Analyst,Create and manage Microsoft Sentinel workspaces,Log Analytics workspace,,,,,,,
Security Operations Analyst,Query logs in Microsoft Sentinel,DeviceLogonEvents,,,,,,,
Security Operations Analyst,Query logs in Microsoft Sentinel,OfficeActivity,,,,,,,
Security Operations Analyst,Query logs in Microsoft Sentinel,SigninLogs,,,,,,,
Security Operations Analyst,Use watchlists in Microsoft Sentinel,Creating more alerts to help identify issues.,,,,,,,
Security Operations Analyst,Use watchlists in Microsoft Sentinel,Export business data as a watchlist.,,,,,,,
Security Operations Analyst,Use watchlists in Microsoft Sentinel,Responding to incidents quickly with the rapid import of IP addresses.,,,,,,,
Security Operations Analyst,Utilize threat intelligence in Microsoft Sentinel,Indicator,,,,,,,
Security Operations Analyst,Utilize threat intelligence in Microsoft Sentinel,TI Indicator,,,,,,,
Security Operations Analyst,Utilize threat intelligence in Microsoft Sentinel,ThreatIntelligenceIndicator,ThreatIntelligenceIndicator,,,,,,
Security Operations Analyst,Connect data to Microsoft Sentinel using data connectors,On the CEF Connector page,,,,,,,
Security Operations Analyst,Connect data to Microsoft Sentinel using data connectors,On the Agent Management page in Log Analytics,,,,,,,
Security Operations Analyst,Connect data to Microsoft Sentinel using data connectors,On the Data connectors page,,,,,,,
Security Operations Analyst,Connect Microsoft services to Microsoft Sentinel,OfficeActivity,,,,,,,
Security Operations Analyst,Connect Microsoft services to Microsoft Sentinel,SigninLogs,,,,,,,
Security Operations Analyst,Connect Microsoft services to Microsoft Sentinel,SecurityAlert,,,,,,,
Security Operations Analyst,Connect Microsoft 365 Defender to Microsoft Sentinel,Microsoft Defender for Office 365,,,,,,,
Security Operations Analyst,Connect Microsoft 365 Defender to Microsoft Sentinel,Microsoft Defender for Endpoint,,,,,,,
Security Operations Analyst,Connect Microsoft 365 Defender to Microsoft Sentinel,Microsoft 365 Defender,,,,,,,
Security Operations Analyst,Connect Windows hosts to Microsoft Sentinel,Windows Security Events via AMA,,,,,,,
Security Operations Analyst,Connect Windows hosts to Microsoft Sentinel,Common Event Format,,,,,,,
Security Operations Analyst,Connect Windows hosts to Microsoft Sentinel,Syslog,,,,,,,
Security Operations Analyst,Connect Common Event Format logs to Microsoft Sentinel,CommonSecurityLog,,,,,,,
Security Operations Analyst,Connect Common Event Format logs to Microsoft Sentinel,SecurityEvent,,,,,,,
Security Operations Analyst,Connect Common Event Format logs to Microsoft Sentinel,Syslog,,,,,,,
Security Operations Analyst,Connect syslog data sources to Microsoft Sentinel,Module,,,,,,,
Security Operations Analyst,Connect syslog data sources to Microsoft Sentinel,Function,,,,,,,
Security Operations Analyst,Connect syslog data sources to Microsoft Sentinel,Table,,,,,,,
Security Operations Analyst,Connect threat indicators to Microsoft Sentinel,"""Indicator""",,,,,,,
Security Operations Analyst,Connect threat indicators to Microsoft Sentinel,"""TIIndicator""",,,,,,,
Security Operations Analyst,Connect threat indicators to Microsoft Sentinel,"""ThreatIntelligenceIndicator""",,,,,,,
Security Operations Analyst,Automation in Microsoft Sentinel,Incidents,,,,,,,
Security Operations Analyst,Automation in Microsoft Sentinel,Connectors,,,,,,,
Security Operations Analyst,Automation in Microsoft Sentinel,Watchlists,,,,,,,
Security Operations Analyst,Identify threats with Behavioral Analytics,Data elements,,,,,,,
Security Operations Analyst,Identify threats with Behavioral Analytics,Tables,,,,,,,
Security Operations Analyst,Identify threats with Behavioral Analytics,Alerts,,,,,,,
Security Operations Analyst,Data normalization in Microsoft Sentinel,source,,,,,,,
Security Operations Analyst,Data normalization in Microsoft Sentinel,input,input,,,,,,
Security Operations Analyst,Data normalization in Microsoft Sentinel,target,,,,,,,
Security Operations Analyst,Manage content in Microsoft Sentinel,Azure DevOps only,,,,,,,
Security Operations Analyst,Manage content in Microsoft Sentinel,GitHub only,,,,,,,
Security Operations Analyst,Manage content in Microsoft Sentinel,GitHub and Azure DevOps,,,,,,,
Security Operations Analyst,Explain threat hunting concepts in Microsoft Sentinel,Retroactive,,,,,,,
Security Operations Analyst,Explain threat hunting concepts in Microsoft Sentinel,Reactive,,,,,,,
Security Operations Analyst,Explain threat hunting concepts in Microsoft Sentinel,Proactive,Proactive,,,,,,
Security Operations Analyst,Use Search jobs in Microsoft Sentinel,_RST,,,,,,,
Security Operations Analyst,Use Search jobs in Microsoft Sentinel,_Restore,,,,,,,
Security Operations Analyst,Use Search jobs in Microsoft Sentinel,_RSTR,,,,,,,
Security Operations Analyst,Hunt for threats using notebooks in Microsoft Sentinel,Python,,,,,,,
Security Operations Analyst,Hunt for threats using notebooks in Microsoft Sentinel,C#,,,,,,,
Security Operations Analyst,Hunt for threats using notebooks in Microsoft Sentinel,Java,,,,,,,
Identity and Access Administrator,Implement initial configuration of Microsoft Entra ID,"Yes, a domain name can be included as part of an application or other resource if the domain name is owned by the organization that contains the resource.",,,,,,,
Identity and Access Administrator,Implement initial configuration of Microsoft Entra ID,"A domain name can be included as part of the app ID URI for an application, but cannot be included as part of other resources.","A domain name can be included as part of the app ID URI for an application, but cannot be included as part of other resources.",,,,,,
Identity and Access Administrator,Implement initial configuration of Microsoft Entra ID,"No, a domain name cannot be included as part of an application or other resource.",,,,,,,
Identity and Access Administrator,"Create, configure, and manage identities","Distribution groups, which are used for communications purposes via applications such as Teams and Exchange.",,,,,,,
Identity and Access Administrator,"Create, configure, and manage identities","Licensing groups, which are used to make it easier to administer software licenses.",,,,,,,
Identity and Access Administrator,"Create, configure, and manage identities","Microsoft 365 groups, which provide access to shared mailboxes, calendars, SharePoint sites, and so on.",,,,,,,
Identity and Access Administrator,Implement and manage external identities,WS-Federation (WS-Fed),WS-Federation (WS-Fed),,,,,,
Identity and Access Administrator,Implement and manage external identities,Layer 2 Tunneling Protocol (L2TP),,,,,,,
Identity and Access Administrator,Implement and manage external identities,Resource Location Protocol (RLP),,,,,,,
Identity and Access Administrator,Implement and manage hybrid identity ,They create common user identities for authenticating and authorizing users who operate workstations that run on various operating systems.,,,,,,,
Identity and Access Administrator,Implement and manage hybrid identity ,They create common user identities that are trusted for authentication and authorization between organizations.,,,,,,,
Identity and Access Administrator,Implement and manage hybrid identity ,They create common user identities for authentication and authorization to both on-premises and cloud-based resources.,They create common user identities for authentication and authorization to both on-premises and cloud-based resources.,,,,,,
Identity and Access Administrator,Secure Microsoft Entra ID users with multifactor authentication,Text message,,,,,,,
Identity and Access Administrator,Secure Microsoft Entra ID users with multifactor authentication,Microsoft Authenticator App,,,,,,,
Identity and Access Administrator,Secure Microsoft Entra ID users with multifactor authentication,Security questions,,,,,,,
Identity and Access Administrator,Manage user authentication,SMS verification,,,,,,,
Identity and Access Administrator,Manage user authentication,Microsoft Authenticator App,,,,,,,
Identity and Access Administrator,Manage user authentication,Voice call verification,,,,,,,
Identity and Access Administrator,"Plan, implement, and administer Conditional Access",It's the component that enforces multifactor authentication policies for access.,,,,,,,
Identity and Access Administrator,"Plan, implement, and administer Conditional Access","It analyzes signals such as user, device, and location to enforce organizational access policies.","It analyzes signals such as user, device, and location to enforce organizational access policies.",,,,,,
Identity and Access Administrator,"Plan, implement, and administer Conditional Access",It monitors and logs all access attempts.,,,,,,,
Identity and Access Administrator,Manage Microsoft Entra ID Protection,Mobile device access risk policy,,,,,,,
Identity and Access Administrator,Manage Microsoft Entra ID Protection,Sign-in risk policy,Sign-in risk policy,,,,,,
Identity and Access Administrator,Manage Microsoft Entra ID Protection,Hybrid identity sign-in risk policy,,,,,,,
Identity and Access Administrator,Implement access management for Azure resources,Azure Monitor,,,,,,,
Identity and Access Administrator,Implement access management for Azure resources,Microsoft Defender for Identity,,,,,,,
Identity and Access Administrator,Implement access management for Azure resources,Microsoft Entra Permissions Management.,,,,,,,
Identity and Access Administrator,Plan and design the integration of enterprise apps for SSO,Microsoft Defender for Cloud Apps,,,,,,,
Identity and Access Administrator,Plan and design the integration of enterprise apps for SSO,Microsoft Cloud Computing Services,,,,,,,
Identity and Access Administrator,Plan and design the integration of enterprise apps for SSO,Microsoft Security Center,,,,,,,
Identity and Access Administrator,Implement and monitor the integration of enterprise apps for SSO,Administrator approved and automatic.,Administrator approved and automatic.,,,,,,
Identity and Access Administrator,Implement and monitor the integration of enterprise apps for SSO,You should only use Manual Provisioning to ensure security.,,,,,,,
Identity and Access Administrator,Implement and monitor the integration of enterprise apps for SSO,Manual and automatic,,,,,,,
Identity and Access Administrator,Implement app registration,SaaS directory,,,,,,,
Identity and Access Administrator,Implement app registration,Single-sign-on app connected directory,,,,,,,
Identity and Access Administrator,Implement app registration,App gallery directory,,,,,,,
Identity and Access Administrator,Plan and implement entitlement management,To allow one organization access when collaborating on a project.,,,,,,,
Identity and Access Administrator,Plan and implement entitlement management,An employee requires permanent permissions to perform their job role.,,,,,,,
Identity and Access Administrator,Plan and implement entitlement management,For access that requires the approval of an employee's manager or other designated individuals.,,,,,,,
Identity and Access Administrator,"Plan, implement, and manage access review",To ensure naming conventions are properly applied.,,,,,,,
Identity and Access Administrator,"Plan, implement, and manage access review",To reduce the risk associated with stale role assignments.,,,,,,,
Identity and Access Administrator,"Plan, implement, and manage access review",To eliminate extra distribution groups that are no longer used.,To eliminate extra distribution groups that are no longer used.,,,,,,
Identity and Access Administrator,Plan and implement privileged access,"Discovery and insights can find privileged role assignments across Microsoft Entra ID, and then provide recommendations on how to secure them using Microsoft Entra ID governance features like Privileged Identity Management (PIM).",,,,,,,
Identity and Access Administrator,Plan and implement privileged access,Discovery and insights can find when guest's access resources across Microsoft Entra ID.,,,,,,,
Identity and Access Administrator,Plan and implement privileged access,"Discovery and insights can find security group assignments across Microsoft Entra ID, and then provide recommendations on how to secure them using Microsoft Entra ID governance features like Privileged Identity Management (PIM).",,,,,,,
Identity and Access Administrator,Monitor and maintain Microsoft Entra ID,Microsoft Entra ID audit logs provide a comparison of budgeted Azure usage compared to actual.,,,,,,,
Identity and Access Administrator,Monitor and maintain Microsoft Entra ID,Microsoft Entra ID audit logs provide records of system activities for compliance reporting.,Microsoft Entra ID audit logs provide records of system activities for compliance reporting.,,,,,,
Identity and Access Administrator,Monitor and maintain Microsoft Entra ID,Microsoft Entra ID audit logs allow customer to monitor activity when provisioning new services within Azure.,,,,,,,
Information Protection Administrator,Introduction to information protection and data lifecycle management in Microsoft Purview,Microsoft data loss prevention solution,,,,,,,
Information Protection Administrator,Introduction to information protection and data lifecycle management in Microsoft Purview,Microsoft Purview Data Lifecycle Management ,,,,,,,
Information Protection Administrator,Introduction to information protection and data lifecycle management in Microsoft Purview,Microsoft Purview Information Protection,,,,,,,
Information Protection Administrator,Prevent data loss,Data Loss Prevention,,,,,,,
Information Protection Administrator,Prevent data loss,Microsoft Defender for Cloud Apps,,,,,,,
Information Protection Administrator,Prevent data loss,SharePoint File Scanner,,,,,,,
Information Protection Administrator,Prevent data loss,Azure Information Protection Scanner,,,,,,,
Information Protection Administrator,Classify data for protection and governance,Activity explorer,,,,,,,
Information Protection Administrator,Classify data for protection and governance,Content explorer ,Content explorer ,,,,,,
Information Protection Administrator,Classify data for protection and governance,Sensitive info types,,,,,,,
Information Protection Administrator,Create and manage sensitive information types,A built-in sensitive information type.,A built-in sensitive information type.,,,,,,
Information Protection Administrator,Create and manage sensitive information types,A Keyword List in a custom sensitive information type.,,,,,,,
Information Protection Administrator,Create and manage sensitive information types,A Keyword Dictionary.,,,,,,,
Information Protection Administrator,Understand Microsoft 365 encryption,It is always legally required.,,,,,,,
Information Protection Administrator,Understand Microsoft 365 encryption,It helps mitigate the impact of data theft.,It helps mitigate the impact of data theft.,,,,,,
Information Protection Administrator,Understand Microsoft 365 encryption,It renders data permanently unreadable.,,,,,,,
Information Protection Administrator,Understand Microsoft 365 encryption,It meets all access control requirements.,,,,,,,
Information Protection Administrator,Deploy Microsoft Purview Message Encryption,Azure RMS.,,,,,,,
Information Protection Administrator,Deploy Microsoft Purview Message Encryption,Service Encryption.,,,,,,,
Information Protection Administrator,Deploy Microsoft Purview Message Encryption,BitLocker,,,,,,,
Information Protection Administrator,Protect information in Microsoft Purview,Sensitive information types ,Sensitive information types ,,,,,,
Information Protection Administrator,Protect information in Microsoft Purview,Sensitivity labels,,,,,,,
Information Protection Administrator,Protect information in Microsoft Purview,Data loss prevention  ,,,,,,,
Information Protection Administrator,Apply and manage sensitivity labels,Marking content,Marking content,,,,,,
Information Protection Administrator,Apply and manage sensitivity labels,Encryption,,,,,,,
Information Protection Administrator,Apply and manage sensitivity labels,Guest access,,,,,,,
Information Protection Administrator,Prevent data loss in Microsoft Purview,Create a custom policy to identify HIPAA-protected information. ,,,,,,,
Information Protection Administrator,Prevent data loss in Microsoft Purview,Turn on the policy right away.,,,,,,,
Information Protection Administrator,Prevent data loss in Microsoft Purview,Test the policy before releasing it.,,,,,,,
Information Protection Administrator,Configure DLP policies for Microsoft Defender for Cloud Apps and Power Platform,Policies may be created in the Microsoft Exchange Online portal.,,,,,,,
Information Protection Administrator,Configure DLP policies for Microsoft Defender for Cloud Apps and Power Platform,Policies can be created in the Microsoft Defender for Cloud Apps portal.,,,,,,,
Information Protection Administrator,Configure DLP policies for Microsoft Defender for Cloud Apps and Power Platform,Policies can be created in the Microsoft 365 Defender portal.,,,,,,,
Information Protection Administrator,Manage data loss prevention policies and reports in Microsoft 365,DLP incidents,,,,,,,
Information Protection Administrator,Manage data loss prevention policies and reports in Microsoft 365,DLP policy matches,DLP policy matches,,,,,,
Information Protection Administrator,Manage data loss prevention policies and reports in Microsoft 365,DLP false positives and overrides,,,,,,,
Information Protection Administrator,Manage the data lifecycle in Microsoft Purview,Securing sensitive data and access.,,,,,,,
Information Protection Administrator,Manage the data lifecycle in Microsoft Purview,Ensuring your data is defensible and retained.,,,,,,,
Information Protection Administrator,Manage the data lifecycle in Microsoft Purview,Managing the end-to-end lifecycle of all content across your digital estate. ,Managing the end-to-end lifecycle of all content across your digital estate. ,,,,,,
Information Protection Administrator,Manage data retention in Microsoft 365 workloads,eDiscovery cases,,,,,,,
Information Protection Administrator,Manage data retention in Microsoft 365 workloads,Versioning in SharePoint Online,,,,,,,
Information Protection Administrator,Manage data retention in Microsoft 365 workloads,Exchange hidden mailbox folders.,,,,,,,
Information Protection Administrator,Manage records in Microsoft Purview,File plan descriptors,,,,,,,
Information Protection Administrator,Manage records in Microsoft Purview,Retention labels,,,,,,,
Information Protection Administrator,Manage records in Microsoft Purview,Activity explorer ,,,,,,,
